meter_id,customer_type,tariff,electric_heating,connection_year,years_connected,district
UA100371,household,dual_zone,0,1989,36,Solomianka
UA103727,household,dual_zone,0,2015,11,Podil
UA106185,household,dual_zone,0,1996,29,solomianka
UA106388,small_business,single,0,2021,4,obolon
UA106610,household,single,0,1994,31,Podil
UA110469,household,dual_zone,1,1997,28,Podil
UA112160,household,dual_zone,1,2013,13,Podil
UA113260,household,single,0,2024,2,Solomianka 
UA113921,household,dual_zone,1,2014,11,Darnytsia
UA115316,small_business,single,0,2001,24,Obolon 
00UA115793,household,single,0,2003,22,Darnytsia
UA118453,household,single,0,2001,25,Solomianka
UA119206,small_business,single,0,1995,30,Darnytsia
UA119401,household,single,0,1987,38,SOLOMIANKA
UA121205,household,single,0,2022,3,Sviatoshyn
UA122989,household,single,0,1996,30,Podil
UA123649,household,dual_zone,0,1995,31,Solomianka
UA126398,small_business,single,0,2004,21,Solomianka
UA128273,industrial,single,0,1995,30,Podil
UA128518,household,dual_zone,1,1990,36,Obolon
UA129055 ,household,single,0,1993,33,Solomianka
UA129070,small_business,single,0,2005,20,Obolon
UA130675,small_business,single,0,1991,34,Solomianka 
UA131169,household,single,0,2019,7,Obolon
UA131391,household,single,0,1995,31,Darnytsia
UA131678,household,single,0,2002,23,Podil
UA132083,household,single,0,1994,31,Darnytsia
UA132125,industrial,single,0,1989,36,Sviatoshyn
UA132938,household,dual_zone,1,1985,41,Obolon
UA133476,household,single,0,1990,36,Sviatoshyn
UA134833,household,single,0,1994,31,Sviatoshyn 
 UA134921,small_business,dual_zone,1,2000,26,Sviatoshyn
UA135282,household,single,0,2007,19,Darnytsia
UA135813,household,single,0,2003,22,solomianka
UA137275,household,single,0,2005,20,darnytsia
UA138177,household,single,1,1998,28,Podil
UA138472,household,dual_zone,1,2017,8,Obolon
UA141889,household,single,0,2021,4,Podil
UA141988,household,single,0,2001,25,Podil
UA142271,household,single,0,2002,24,Sviatoshyn
UA144348,small_business,dual_zone,0,2006,20,Darnytsia 
UA144385,small_business,dual_zone,1,1988,38,Podil
UA144998,household,dual_zone,1,1991,35,Podil
UA145817,household,single,0,2014,12,Podil
UA146198,household,dual_zone,1,2016,10,Obolon
UA146270,household,single,0,2010,16,Obolon
 UA146421,household,single,0,1991,34,Sviatoshyn
UA151754 ,household,single,0,2009,16,Sviatoshyn
UA152771,industrial,single,0,1998,28,Obolon
 UA154266,household,dual_zone,1,2017,9,Sviatoshyn
 UA155424,household,dual_zone,1,1989,36,Obolon
UA163048,household,single,0,2004,21,Solomianka
UA165023,household,single,0,2008,17,Obolon
UA166514,household,single,0,1985,40,Podil
UA167005,household,dual_zone,1,1986,39,Sviatoshyn
UA168855,household,dual_zone,0,1995,30,Solomianka
UA171054,household,single,0,2001,24,Podil
UA173960,household,single,0,1986,40,Podil
UA175523,household,single,0,1999,27,Podil
UA175576,household,dual_zone,1,2007,18,Podil
UA176089,household,single,1,1997,29,Solomianka
UA176271,household,single,0,2004,21,Sviatoshyn
UA180545,industrial,single,0,2001,24,Darnytsia
UA181067,household,single,0,1985,41,Obolon
UA181185,household,single,0,1989,36,Sviatoshyn
UA181334,household,dual_zone,0,1997,29,Darnytsia
 UA181434,household,dual_zone,1,2005,21,Darnytsia
UA182990,small_business,single,0,2010,16,Darnytsia
 UA185454,small_business,dual_zone,0,2003,23,Solomianka
UA186254,household,single,1,1990,35,Obolon
UA186685,household,dual_zone,0,1989,36,Darnytsia
UA187528,household,single,0,1989,36,Podil
UA188524,household,single,1,2012,13,Podil
UA189032,small_business,dual_zone,0,2008,17,Obolon
UA192038,household,single,0,2002,24,Sviatoshyn
UA192176,household,dual_zone,1,2013,12,Solomianka
UA192216,household,dual_zone,1,1995,31,solomianka
UA193804,small_business,single,0,2002,23,Darnytsia
 UA195173,small_business,single,0,2001,24,OBOLON
UA195835,industrial,single,0,2006,19,Podil
UA198552,small_business,single,0,1998,28,Solomianka
UA201287,industrial,dual_zone,0,2022,3,Sviatoshyn
UA202067,small_business,single,0,1993,32,sviatoshyn
UA202514,household,dual_zone,1,2013,12,Sviatoshyn
UA203049,household,single,0,1988,37,Sviatoshyn
UA204695,household,single,0,2021,5,Darnytsia
UA204908,household,dual_zone,0,1994,31,Solomianka
UA206116,household,dual_zone,0,2015,11,Obolon
UA208403,small_business,single,0,1997,29,Podil
UA208554,household,single,1,1995,31,Podil
UA212500 ,small_business,single,0,2024,2,Sviatoshyn 
 UA212919,industrial,single,0,2003,23,Darnytsia
UA213749,household,dual_zone,1,2024,2,Obolon
UA215524,household,single,0,2006,20,DARNYTSIA
00UA215561,household,single,1,2008,17,Sviatoshyn
UA217875,household,single,1,2012,13,darnytsia
UA220184,household,single,0,2013,12,Darnytsia
UA221710,household,dual_zone,1,1999,26,Solomianka
UA222993,household,single,0,2015,10,Podil
UA224546,household,dual_zone,1,2014,12,Podil
UA224554,household,single,0,2011,14,Podil
UA225325,household,single,0,1986,39,Solomianka
UA227132,household,dual_zone,1,2000,25,Darnytsia
UA227213,industrial,single,0,1996,30,Darnytsia
UA228212,small_business,single,0,2008,18,Obolon
UA228642,small_business,single,0,2012,14,Solomianka
UA230122,household,dual_zone,0,1990,35,SOLOMIANKA
UA230587,household,single,0,1986,40,Obolon
UA230830,household,dual_zone,0,2009,17,Podil
UA233011,household,single,0,2020,6,Sviatoshyn
UA233569,small_business,single,0,1990,35,Solomianka
UA235423,household,single,0,2013,13,Solomianka
UA235645,household,single,1,2009,16,Obolon
UA236560,household,single,0,2013,13,Obolon
UA237055,household,single,0,2002,23,Sviatoshyn
UA237853,household,dual_zone,0,2011,14,Solomianka
 UA238366,household,single,0,2007,19,Obolon
UA238699,household,dual_zone,0,1986,40,Podil
UA239833,household,single,1,1997,29,Solomianka
UA240675,household,single,0,2013,13,Obolon
UA241320,household,single,0,2021,5,Solomianka
00UA241797,small_business,dual_zone,1,2017,9,Sviatoshyn
UA244078,household,dual_zone,0,2009,16,DARNYTSIA
00UA248391,industrial,single,0,1986,40,Obolon
UA248922,household,single,0,2019,6,Podil
UA250451,small_business,single,0,2019,6,Obolon
UA250761,industrial,single,0,2012,13,Podil
UA251125,household,dual_zone,0,1996,30,Darnytsia
UA252061,household,dual_zone,1,1988,37,Sviatoshyn
UA252832,small_business,single,0,1992,33,Obolon
UA252840,small_business,single,0,2020,6,Darnytsia
UA255005,industrial,dual_zone,0,1998,27,Obolon
UA256459,household,single,0,1993,32,Darnytsia
UA257215,small_business,single,0,2010,16,Podil
UA257356,household,dual_zone,1,1991,35,Obolon
UA257734,household,single,0,2017,9,Solomianka
UA258774,household,dual_zone,1,2021,5,Solomianka
UA259125,industrial,dual_zone,0,2004,21,Obolon
UA261407,household,single,1,2007,18,Sviatoshyn
UA262601,household,dual_zone,0,2009,17,Podil
UA264791,household,single,0,2018,7,Podil
UA265919,household,dual_zone,1,2014,11,Obolon
UA266856,household,dual_zone,1,1998,27,Obolon
UA267977,household,single,0,2022,4,Obolon
UA268607 ,small_business,single,0,1995,30,Obolon
UA269132,small_business,single,0,1991,35,Solomianka
UA270854,household,dual_zone,0,1985,41,Sviatoshyn
UA271268,household,single,0,2023,3,Podil
UA272851,household,dual_zone,1,2001,24,Podil
UA273532,household,single,0,1990,35,Obolon
UA274215,household,dual_zone,1,2024,1,Sviatoshyn
UA274345,household,single,0,2015,10,Solomianka
UA274619,household,single,0,2003,22,Darnytsia
UA274758,household,single,0,2013,12,Sviatoshyn
UA275158,industrial,single,0,2022,3,Solomianka
UA275328,household,single,0,1993,32,Podil
UA275580,household,dual_zone,1,1997,29,OBOLON
UA276100,small_business,single,0,2005,21,Podil
UA277361,household,dual_zone,1,1986,40,Podil
UA278049,household,dual_zone,1,2021,5,Solomianka
UA279799,household,single,0,2010,16,Obolon
UA280452,household,single,0,2004,21,DARNYTSIA
UA281105,household,single,0,2008,18,Podil
00UA281875,household,dual_zone,1,1989,36,Darnytsia
UA282708,household,single,0,2006,19,Darnytsia
UA284825,household,dual_zone,1,2018,7,Darnytsia
UA286435,industrial,dual_zone,0,2011,15,Podil
UA287646,small_business,dual_zone,0,2004,21,PODIL
UA288301,household,single,0,2014,11,Podil
UA289059,household,single,0,2005,20,Obolon
UA292068,industrial,single,0,2007,19,Solomianka
 UA292158,household,single,0,1992,34,Obolon
UA293084,household,single,0,2019,6,Obolon
UA293596,household,dual_zone,1,1986,40,Obolon
UA293648,household,single,0,1994,32,Sviatoshyn
UA294827,household,single,0,2010,15,Solomianka
UA295565,household,single,1,1989,36,Sviatoshyn
UA298774,household,single,0,2011,15,Solomianka
UA299119,household,single,0,2001,24,solomianka
UA301463,household,dual_zone,0,1991,34,Sviatoshyn
UA303648,small_business,single,0,2016,9,Obolon
UA304015,small_business,dual_zone,0,1985,41,Obolon
UA306685,industrial,single,0,2001,24,Sviatoshyn
UA307230,household,dual_zone,0,2001,25,Podil
UA308503,household,dual_zone,0,2004,22,Solomianka
UA313241,household,dual_zone,0,1992,33,Sviatoshyn
UA313561,household,dual_zone,0,1999,27,Podil
UA315053,household,dual_zone,0,1999,27,Darnytsia
UA317648,household,dual_zone,0,2013,12,Solomianka
UA318306,household,single,0,1997,29,Podil
UA322833,household,dual_zone,1,1993,32,Solomianka
UA323045,household,single,0,1992,34,Sviatoshyn
UA323674,household,single,0,2004,21,Solomianka
UA323794,small_business,dual_zone,0,2011,14,Darnytsia
UA324067,household,single,0,2022,4,Obolon
UA327076,household,single,0,1995,30,Obolon
 UA327522,industrial,single,0,2001,24,Sviatoshyn
UA328846,small_business,single,0,2002,24,Podil
00UA330382,industrial,single,0,2006,19,Solomianka
UA331428,household,single,0,1992,33,Solomianka
UA331699,small_business,dual_zone,1,1992,33,Solomianka
UA331859,industrial,single,0,2010,15,Darnytsia
UA332705,household,single,0,2001,25,Podil
UA335786,household,dual_zone,0,2001,24,Solomianka
UA338425,industrial,dual_zone,0,1995,31,Obolon
UA339621,industrial,single,0,2005,20,Obolon
UA340894,household,dual_zone,0,1986,39,darnytsia
UA341120,industrial,single,0,2009,17,Darnytsia
UA343010,household,single,0,2005,20,Obolon
UA343761,household,single,0,1997,28,Solomianka
UA347121,household,dual_zone,1,2007,18,Obolon
UA349112,household,single,0,2000,25,Podil
UA349188 ,small_business,single,0,1998,28,Podil
UA349993,household,single,0,1991,35,Solomianka
UA353035,small_business,single,0,2001,25,Obolon
00UA353315,household,dual_zone,0,2019,7,Obolon
UA354596,household,single,0,1989,37,Obolon
UA354829,household,single,0,1989,37,Podil
UA357144,household,single,0,2024,1,Sviatoshyn
UA358216 ,household,single,0,1987,38,Sviatoshyn
UA361483,household,dual_zone,1,2022,3,Darnytsia
UA361560,household,dual_zone,0,2005,21,Obolon
UA363883,industrial,single,0,1995,30,Podil
UA364855,small_business,dual_zone,0,1992,34,Darnytsia
UA365044,small_business,dual_zone,0,1998,27,Darnytsia
UA365580,household,dual_zone,1,2023,3,Solomianka
UA367589,household,single,0,2003,23,Obolon
UA367734,household,single,0,1998,27,Sviatoshyn
UA368278,small_business,single,0,2024,2,Solomianka
00UA371484,industrial,dual_zone,0,2006,19,OBOLON
00UA372344,household,single,0,2013,13,Podil
UA372941,household,dual_zone,1,2010,16,Darnytsia
00UA373135,household,dual_zone,0,1985,40,Darnytsia
UA373217 ,household,dual_zone,1,2024,2,Darnytsia
UA373251,household,dual_zone,1,1992,33,darnytsia
UA376011,small_business,single,0,2017,9,Podil
UA376337,small_business,dual_zone,0,2024,1,Sviatoshyn
UA377086,household,dual_zone,0,2023,2,Obolon
UA377361,household,single,0,2000,26,Solomianka
 UA378029,household,dual_zone,0,2006,19,Solomianka
UA380200,household,single,0,1987,39,Solomianka
UA383771,household,dual_zone,0,1997,28,Podil
00UA384706,household,dual_zone,1,2014,12,Darnytsia
UA385506,household,dual_zone,1,1986,39,Darnytsia
UA388874,household,dual_zone,0,1988,37,Darnytsia
UA389880,household,single,0,2019,7,Obolon
UA391589,household,single,0,2022,4,Obolon
UA394485,household,single,0,1994,31,Podil
UA394508,small_business,single,0,2004,21,Darnytsia
UA395982,small_business,dual_zone,0,2007,18,Solomianka
UA398534,household,single,0,2020,5,Solomianka
UA398884,small_business,single,0,1985,40,Obolon
 UA399154,industrial,single,0,2007,19,Solomianka
UA402660,small_business,dual_zone,1,2018,8,Obolon
UA402720,small_business,dual_zone,1,2010,15,Solomianka
UA403933,small_business,dual_zone,0,1991,35,Obolon
UA404400,household,single,0,2004,22,Sviatoshyn
 UA404798,household,dual_zone,1,2015,11,Podil
UA407484,small_business,single,0,2014,12,Sviatoshyn
UA410543,household,dual_zone,1,2013,13,Solomianka
 UA410695,household,single,0,2011,14,Sviatoshyn
UA411630,household,dual_zone,0,2013,12,Obolon
UA412232,industrial,single,0,1999,26,Sviatoshyn
UA415058,household,single,0,1993,32,Sviatoshyn
UA415465,industrial,single,0,1997,28,Solomianka
UA416211,household,single,0,1997,29,Sviatoshyn
UA420597,small_business,dual_zone,0,1994,32,Podil
UA420672,household,dual_zone,1,2009,17,podil
UA421026,household,single,0,1988,38,Darnytsia
UA422136,household,dual_zone,1,2021,5,Solomianka
UA424221,household,dual_zone,0,2007,19,Darnytsia
00UA424489,household,dual_zone,0,1997,28,Darnytsia
UA426874,industrial,dual_zone,0,1985,41,Podil
UA429461,small_business,single,0,1987,38,Podil
UA430931,small_business,single,0,2003,22,Sviatoshyn
UA431195,household,single,0,2023,2,Sviatoshyn
UA432157,household,single,0,2006,19,Podil
UA434324,household,dual_zone,1,1998,27,Podil
UA435990,small_business,single,0,2012,13,OBOLON
UA436575,household,dual_zone,1,1993,33,Solomianka 
UA438191,household,single,0,1991,35,Sviatoshyn
UA438315,household,single,0,2011,15,Sviatoshyn
UA439796,small_business,single,0,1985,40,Darnytsia
 UA440346,small_business,single,0,2009,16,Sviatoshyn
UA441082,household,single,0,2013,13,Darnytsia
 UA444185,small_business,dual_zone,0,2013,12,Podil
UA446441,household,dual_zone,0,2008,17,Obolon
UA447626,household,dual_zone,1,2006,19,Solomianka
UA447802,household,single,1,2006,20,Solomianka
UA448059,household,single,0,1989,36,Solomianka
UA449048,household,single,1,2016,9,Podil
UA449445,industrial,dual_zone,0,1995,31,Solomianka
UA451292,small_business,single,0,2002,24,Podil
UA451644,household,dual_zone,1,2008,17,Darnytsia
UA453992,household,single,0,2019,7,Podil
UA454403,household,single,0,2003,23,Darnytsia
UA454634,household,dual_zone,1,2021,5,Solomianka
UA457918,small_business,single,0,1998,28,Obolon
UA458105,household,single,0,1994,32,Podil
UA458409,household,dual_zone,1,2000,26,podil
UA459087,industrial,dual_zone,0,2009,17,Obolon
UA461954,household,single,0,2014,11,Podil
UA462444,small_business,single,0,2001,24,Darnytsia
UA463642,household,single,1,2013,12,Obolon
UA463878,household,single,0,1988,37,Sviatoshyn
UA464708,household,single,0,2014,11,SVIATOSHYN
UA466485,household,single,0,1989,37,Darnytsia
UA467212 ,small_business,single,0,2018,7,Sviatoshyn
UA467892,industrial,single,0,2015,11,Obolon
UA469881,household,single,0,1989,37,Sviatoshyn
UA471347 ,household,dual_zone,1,1985,41,Solomianka
UA471533,household,single,0,2006,19,Sviatoshyn
UA472339,household,dual_zone,1,1994,32,Sviatoshyn
UA472940,small_business,single,0,2012,13,Solomianka
UA473916 ,household,single,0,2018,7,Podil
UA475472,household,dual_zone,1,1997,29,Darnytsia
UA476468,household,dual_zone,0,1987,38,Darnytsia
UA480066,household,single,0,2023,3,Obolon
00UA483731,household,single,0,2021,4,Obolon
UA484127 ,household,single,0,2009,17,Solomianka
UA486075,household,single,0,2013,12,Sviatoshyn
00UA486168,household,dual_zone,0,1991,34,Podil
UA486364,small_business,single,0,2015,10,Obolon
UA487290,household,dual_zone,0,2005,21,Sviatoshyn
UA487438,small_business,dual_zone,0,2015,10,Sviatoshyn
UA487756,household,dual_zone,1,2004,22,Sviatoshyn
UA487996,household,single,1,2010,16,Podil
UA488318,household,single,0,2010,15,Solomianka
UA488524,household,dual_zone,1,1994,31,Obolon
UA488903 ,household,dual_zone,1,1988,37,Obolon
UA493859,household,single,0,1988,38,Solomianka
 UA495681,household,single,0,1997,29,Solomianka
UA497289,household,single,0,1991,35,Solomianka
UA497504,industrial,dual_zone,0,2007,19,Podil
UA499426,small_business,single,0,1994,31,Darnytsia
UA499653,household,dual_zone,1,2006,20,Solomianka
UA501150,industrial,dual_zone,1,2004,22,Obolon
UA506119,small_business,single,0,1986,40,Sviatoshyn
UA506605,household,single,0,1992,33,OBOLON
UA507409,small_business,dual_zone,0,2008,17,Solomianka
UA508435,household,single,0,2012,13,Sviatoshyn
UA508841,household,dual_zone,1,1986,39,Sviatoshyn
UA509319,small_business,single,0,1989,37,Obolon
UA509352,small_business,single,0,2018,7,Darnytsia
UA509411,household,single,0,1996,30,Podil
UA510996,household,single,0,1990,36,Darnytsia
UA512076,small_business,single,0,2002,24,Solomianka
UA512455,industrial,single,0,1989,36,Obolon
UA512695,small_business,single,0,1994,31,Darnytsia
UA512814,household,single,0,2018,7,darnytsia
UA515038,household,dual_zone,1,1993,32,Darnytsia
UA515713,small_business,dual_zone,1,2009,17,Darnytsia
UA516477 ,household,dual_zone,1,2017,9,podil
UA516656,small_business,single,0,2000,26,Sviatoshyn
UA517072,household,dual_zone,1,2024,1,Solomianka
UA517140,household,single,1,1994,32,Podil
UA517677,household,single,0,2011,15,Sviatoshyn
UA519510,small_business,single,0,1993,32,Darnytsia
UA520169,small_business,single,0,2000,25,Sviatoshyn
UA522015,small_business,single,0,2020,5,Obolon
UA522652,household,dual_zone,1,2016,9,podil
UA522700,industrial,dual_zone,0,1989,36,Sviatoshyn
UA523201,household,dual_zone,1,2010,15,obolon
UA524031,household,single,0,2009,17,Solomianka
UA525257 ,household,single,0,1993,32,Solomianka
UA525948,small_business,dual_zone,1,2019,6,Podil
UA526281,household,single,0,2009,16,obolon
UA526431,household,dual_zone,1,2003,23,Obolon
UA526666,small_business,single,0,2022,3,Sviatoshyn
UA527177,household,dual_zone,0,1991,35,Sviatoshyn
UA527342,household,dual_zone,1,2022,3,Podil
UA528194,household,single,0,1991,34,Obolon
UA530390,household,single,0,2011,14,Podil
UA530611,household,single,0,2002,23,Podil
UA531198,small_business,single,0,2000,25,Sviatoshyn
00UA532225,small_business,single,0,2009,17,Solomianka
UA533283,industrial,single,0,1999,26,Obolon
UA536237,industrial,single,0,2017,8,Obolon
UA539217,household,single,0,1998,28,SOLOMIANKA
UA540284,small_business,single,0,2010,16,Sviatoshyn 
UA541005,small_business,dual_zone,0,2009,16,Sviatoshyn
UA541524,household,single,0,2022,3,Sviatoshyn
UA544154,household,single,0,1998,28,Darnytsia
UA548055 ,small_business,single,0,1987,39,Obolon
UA548534,household,dual_zone,0,2000,26,Darnytsia
UA548890 ,household,single,0,2007,18,SVIATOSHYN
UA549602,household,dual_zone,1,1996,29,Solomianka
UA550580,household,single,0,2007,18,Podil
UA551121,household,single,0,2022,4,Sviatoshyn
UA551237,small_business,single,0,1989,37,Podil
UA552203,household,single,0,2021,4,Podil
UA555195,household,dual_zone,0,2010,16,Sviatoshyn
UA556724 ,small_business,single,0,2000,25,Obolon
UA557239,household,dual_zone,0,2007,19,Solomianka
UA558855,household,dual_zone,1,2021,5,Solomianka
UA560418 ,household,dual_zone,1,1986,40,Solomianka
UA560676,household,single,0,2016,10,Darnytsia
UA560805,household,dual_zone,0,2005,20,Obolon
UA560823,household,dual_zone,1,2003,23,Darnytsia
UA562222,household,single,0,2003,22,Solomianka
UA562831,industrial,dual_zone,1,2009,16,Solomianka
UA564045,household,single,0,2023,2,Sviatoshyn
UA565232,household,dual_zone,1,2008,17,Podil
00UA565638,household,dual_zone,1,2015,10,Podil
UA565748,household,single,1,2015,10,Sviatoshyn
UA566014,household,single,0,2005,20,Solomianka
UA566153 ,small_business,single,0,2024,1,solomianka
UA569861,industrial,dual_zone,0,1989,37,Podil
00UA571737,household,dual_zone,0,2005,20,Obolon
UA572681,household,single,0,2021,5,Sviatoshyn
UA572960,small_business,single,0,2022,3,Darnytsia
00UA573537,industrial,single,0,2000,25,Podil
UA574300,household,single,0,2006,20,Solomianka
UA576986,household,dual_zone,1,2017,8,Darnytsia
UA577176,household,single,0,1991,34,solomianka
UA579385,household,single,0,2021,4,Darnytsia
UA579853 ,small_business,single,0,2019,6,Podil
UA581512,household,single,0,1988,37,Darnytsia
UA582472,household,single,1,2005,20,Solomianka
UA583821,household,single,0,2004,21,Solomianka
UA583967,household,single,1,2022,4,Darnytsia
UA585217,industrial,single,0,1991,35,Podil
 UA586016,household,single,0,1989,36,podil
UA590691,small_business,single,0,2008,18,Solomianka
UA590810,household,single,1,2013,12,Darnytsia
UA591387,household,single,0,1989,37,Podil
 UA592104,household,single,0,2002,23,darnytsia
UA594647,small_business,single,0,1994,31,Podil
UA595318,household,dual_zone,1,2017,8,sviatoshyn
UA596529,household,single,0,1992,34,Podil
UA596586,household,single,0,2007,18,Sviatoshyn
UA596759,household,dual_zone,1,2012,13,Darnytsia
UA598065,household,single,0,1993,33,Obolon
UA599995,small_business,single,0,1989,36,Podil
UA600557,household,dual_zone,0,2014,11,OBOLON
 UA600769,household,dual_zone,0,1987,39,Darnytsia
 UA601432,household,single,0,2003,22,Solomianka
UA603219,small_business,single,0,2022,4,Obolon
UA603692,household,dual_zone,0,1999,27,Darnytsia
UA605133,household,dual_zone,1,1999,26,Podil
UA605303,household,single,1,2015,11,DARNYTSIA
UA605543,household,dual_zone,0,2002,23,Solomianka
UA605814,household,single,0,2011,14,Podil
UA605869,household,single,0,2016,10,Solomianka
UA607636,household,single,0,2014,12,Solomianka
UA609657,household,dual_zone,1,2020,5,Sviatoshyn
UA611344,small_business,single,0,1994,31,Solomianka
UA612432,household,dual_zone,1,2003,23,Darnytsia
UA612532,household,single,0,2020,6,Sviatoshyn
UA614015,small_business,dual_zone,0,1985,41,Darnytsia 
UA614448,small_business,single,0,2024,2,Sviatoshyn
00UA616222,industrial,single,0,1996,30,Podil
UA617771,household,dual_zone,1,2000,26,Solomianka
UA618743,household,single,0,2017,8,Podil
UA618991,household,dual_zone,1,2003,23,Podil
UA619645,household,dual_zone,1,2011,14,Solomianka
UA624676,household,dual_zone,1,1999,26,Obolon
UA626587,household,dual_zone,1,1985,41,Podil
UA627084,household,single,0,1997,28,Darnytsia
UA629563,household,single,0,2011,15,Solomianka
UA630864,household,single,0,2024,2,Solomianka
UA631409,small_business,dual_zone,0,2006,19,Sviatoshyn
UA632226,household,single,0,2000,26,Podil
UA634542,household,single,0,2012,14,Solomianka
UA634890,household,single,0,2016,9,Obolon
UA635177,household,single,0,2019,6,Darnytsia
UA635937,household,single,0,2018,8,Podil 
UA636918,household,single,0,1991,34,Solomianka
UA637323,small_business,dual_zone,0,1992,33,Sviatoshyn
UA637349,household,dual_zone,1,1997,29,Podil
UA637698,household,dual_zone,0,1992,34,Podil
UA638465,small_business,single,0,1997,28,Obolon
UA641409,small_business,dual_zone,0,2001,24,Sviatoshyn
UA641546,household,single,0,2003,23,Solomianka
UA641849,household,single,1,1996,29,Podil
UA643337,household,single,0,2024,2,Obolon
UA643987,household,single,0,1994,32,Solomianka
UA646690,household,single,0,1986,39,Darnytsia
UA647255,household,dual_zone,1,2013,13,Sviatoshyn
 UA647468,household,single,0,2012,14,Podil
UA648712,industrial,single,0,2015,10,Sviatoshyn
UA649014,small_business,single,0,1986,40,Solomianka
UA651409,industrial,single,0,2001,25,Obolon
UA652119,household,single,0,1993,33,Podil
UA654074,household,single,0,1991,34,Obolon
UA654423,small_business,single,0,1999,27,Darnytsia
UA655317,industrial,dual_zone,1,2004,21,Podil
UA656251,household,single,0,2022,4,Podil 
UA657849,household,single,0,2020,5,Darnytsia
UA658520 ,household,single,0,2001,25,Solomianka
UA658967,household,single,0,1989,37,Solomianka
UA659015,household,single,0,2011,15,Obolon
UA659298,household,single,0,1989,36,Obolon
UA659988,industrial,single,0,2008,18,Podil
UA660428,household,single,0,1998,27,Podil
UA666612,household,dual_zone,1,2000,26,sviatoshyn
UA666809,household,dual_zone,1,1996,30,Obolon
UA668513,household,dual_zone,1,2014,11,Sviatoshyn
UA668902,small_business,dual_zone,0,2011,14,DARNYTSIA
UA670384,small_business,single,0,2009,16,Obolon
UA673110,small_business,dual_zone,1,2024,2,Darnytsia
UA673958,small_business,dual_zone,1,2024,2,Solomianka
UA675326,industrial,single,0,2018,8,Podil
UA675371,small_business,single,0,2002,24,SOLOMIANKA
UA676536,household,single,0,2019,6,Darnytsia
UA679397,household,dual_zone,1,1990,36,Obolon
UA680102,household,single,0,2002,23,Sviatoshyn
UA681342,household,dual_zone,0,2024,1,Solomianka
UA681739 ,household,single,0,1991,34,Obolon
UA684632,small_business,single,0,2011,15,Sviatoshyn
UA686110,small_business,single,0,2023,2,Darnytsia 
UA686542,small_business,single,0,1989,36,Sviatoshyn
UA686965,household,dual_zone,1,1994,32,SVIATOSHYN
UA688098,small_business,single,0,1985,40,Sviatoshyn
UA688279,household,dual_zone,0,2016,9,Darnytsia
UA691209,household,single,0,2000,25,DARNYTSIA
UA691941,industrial,dual_zone,0,2018,8,Darnytsia
UA692472,household,single,0,2006,20,Solomianka
UA692929,small_business,single,0,2007,19,Obolon
 UA693395,household,dual_zone,1,1990,35,Sviatoshyn
UA695274,household,single,1,2013,13,Darnytsia
00UA698656,household,dual_zone,1,2007,18,Sviatoshyn
UA700794,household,single,0,1990,35,Darnytsia
UA701391,household,single,0,2023,3,Sviatoshyn
UA702621,small_business,single,0,2019,7,darnytsia
UA704293,household,dual_zone,0,2004,22,Solomianka
UA705121,industrial,single,0,2022,3,Podil
UA705329,small_business,dual_zone,1,1992,33,Obolon
UA706255,household,single,0,2020,6,Obolon 
UA706807,industrial,single,0,2012,14,Podil
UA708082,small_business,dual_zone,0,2015,10,Obolon
UA708543,household,dual_zone,1,2024,1,Obolon
UA709795,small_business,single,0,2014,11,Podil
UA713084,household,single,0,2005,20,Sviatoshyn
UA713567,household,single,0,2014,11,Obolon
UA713648,household,single,0,2023,3,Podil
UA714111,household,single,0,2000,26,Podil
UA715092,household,dual_zone,1,2011,15,podil
UA716073,household,dual_zone,1,2016,9,Podil
UA717958,household,single,0,2003,22,Sviatoshyn
UA723210,industrial,single,0,2021,4,Podil
UA723268,household,dual_zone,1,2017,8,Obolon
UA724491,industrial,dual_zone,0,1991,34,Obolon
UA724512,household,single,0,2002,23,Solomianka
UA724566,household,single,0,1986,39,Podil
UA725663,household,single,0,1989,36,Podil
UA726268,small_business,single,0,2016,10,SOLOMIANKA
UA728717,household,dual_zone,1,1991,35,Solomianka
UA729736,small_business,single,0,2015,10,Darnytsia
UA730977,small_business,single,0,2022,3,Obolon
UA732043,household,dual_zone,1,1988,37,Obolon
UA733271,household,single,0,2002,24,Obolon 
UA735332,household,single,1,2007,19,Podil
UA736856,household,single,0,2020,5,Podil
UA737044,household,dual_zone,1,1998,27,Podil
UA737218,household,single,0,2017,8,Podil
UA737530,small_business,single,0,2023,3,Podil
00UA738073,small_business,single,0,1993,32,Darnytsia
UA740440,small_business,single,0,2016,9,Darnytsia
UA742791,household,single,0,1994,31,Sviatoshyn
UA743382,household,single,0,1985,41,Darnytsia 
UA745480,household,single,0,1996,30,Sviatoshyn
UA746547,small_business,single,1,2012,13,Podil
UA748018,household,dual_zone,1,2009,16,Obolon
UA748303,small_business,single,0,2023,2,Solomianka
UA748668,household,single,0,2018,8,Solomianka
UA748962,household,single,0,1986,39,Solomianka
UA751293,household,dual_zone,1,2000,25,Sviatoshyn
UA751331,household,single,0,2022,4,Darnytsia
UA752389,household,dual_zone,1,2013,13,Podil
UA752598,household,single,0,1999,27,Podil
UA753719,household,dual_zone,1,1985,41,Obolon
UA754198 ,household,single,0,2002,23,Darnytsia
UA757257,household,single,0,1992,33,PODIL
UA757524,small_business,single,0,1985,41,Solomianka
UA757868,small_business,single,0,2018,7,Solomianka
UA758785,household,single,0,1985,40,Darnytsia
UA759376,household,dual_zone,0,1993,32,Obolon
UA761166,industrial,single,0,1992,34,Podil
UA763031,household,single,0,1985,41,Sviatoshyn
UA763064,household,single,0,2008,17,Solomianka
UA764938,small_business,single,0,1991,35,Solomianka
UA765341,household,single,0,2004,22,Darnytsia
UA765747,household,dual_zone,1,1993,33,Solomianka
UA765813,household,dual_zone,0,1993,33,Darnytsia
UA765822,household,single,0,2007,19,Darnytsia
UA767292,small_business,single,0,1997,28,Darnytsia
UA767358,industrial,single,0,1994,32,Sviatoshyn
UA767673,small_business,dual_zone,1,2009,17,Obolon
UA769210,small_business,dual_zone,0,1985,40,Solomianka
UA770728,household,single,0,2000,26,Obolon
UA773681,household,dual_zone,0,1997,28,Darnytsia
UA775267,household,single,0,1997,29,Podil
UA775338,household,single,1,1987,39,Obolon 
UA776001,household,single,0,1993,33,Podil
UA778891,household,single,0,1987,38,Solomianka
UA779545,small_business,single,0,2004,22,Obolon
 UA780993,household,single,0,2009,16,Solomianka
 UA781510,household,dual_zone,1,1993,33,Podil
UA782522,small_business,single,0,1994,32,Podil
UA782852,household,single,0,2016,9,Podil
UA783051,small_business,dual_zone,0,1990,35,Solomianka
UA784066,small_business,single,0,1996,30,Solomianka
UA786856,household,single,0,2002,24,Podil
 UA788933,small_business,single,0,2021,4,Solomianka
UA789002,small_business,single,0,2001,25,Podil
UA790575,household,dual_zone,0,2002,23,Podil 
UA790837,industrial,single,0,2007,19,Podil
UA791188,industrial,dual_zone,0,1993,33,Podil
UA792516 ,household,single,0,1989,37,Obolon
UA793148,household,single,1,1992,34,Podil
UA795821,household,single,0,1989,36,Obolon
UA796705,household,dual_zone,0,1989,37,Darnytsia
UA796848,household,single,0,2005,21,Podil
UA798129,small_business,single,0,2017,8,Podil
UA799148,household,dual_zone,1,2006,20,Podil
UA800666,small_business,dual_zone,1,2020,6,Solomianka
UA801159,household,dual_zone,0,2024,1,Obolon
UA802192,household,single,0,2011,15,Podil
UA804428,small_business,single,0,2004,22,Podil
UA805724,small_business,single,0,2009,16,Obolon
UA805971,household,single,0,1986,40,Podil
UA806971,household,dual_zone,0,1995,30,Sviatoshyn
 UA808928,household,dual_zone,1,2017,9,Podil
UA809489,small_business,dual_zone,0,1995,30,Solomianka
UA811312,industrial,dual_zone,0,1988,38,Sviatoshyn
UA811397,household,single,0,2007,19,Obolon
UA812614,household,single,0,2002,24,Sviatoshyn
UA814228,small_business,single,0,2020,6,Solomianka
UA816722,household,dual_zone,1,2000,25,Obolon
UA819834,industrial,single,0,2000,26,Obolon
00UA820493,household,dual_zone,0,1996,30,Solomianka
UA822166,household,single,0,2002,24,Darnytsia
UA822661,household,single,0,2006,19,Obolon
UA823112,household,single,0,2015,11,Darnytsia
UA824009,household,dual_zone,1,1998,28,Sviatoshyn
UA825212,small_business,dual_zone,0,2010,16,Podil
UA825258,household,dual_zone,1,2016,10,Solomianka
UA826428,household,dual_zone,1,2016,9,Podil
UA827401,industrial,single,0,2021,4,Sviatoshyn
UA827563,household,dual_zone,0,1995,31,obolon
UA827905,household,dual_zone,0,2021,4,Podil
UA829074,household,dual_zone,0,2019,6,Solomianka
UA829351,industrial,dual_zone,0,1987,38,Solomianka
UA829831,household,dual_zone,1,1995,31,Solomianka
UA830627,household,single,0,1986,40,Obolon
UA832757,household,single,0,1996,29,Sviatoshyn
UA833113,household,single,0,1989,36,Podil
UA833159,household,single,0,2000,26,Sviatoshyn
UA833356,household,single,0,2019,7,Darnytsia
 UA833655,household,single,0,1989,37,Solomianka
 UA834500,household,single,0,2010,15,Solomianka
UA836027,household,single,0,1989,36,Obolon
UA836978,household,single,1,1992,34,Sviatoshyn
UA845130,small_business,single,0,2011,14,Podil
UA847586,household,dual_zone,1,2014,12,Darnytsia
UA849354,household,dual_zone,1,2000,25,Sviatoshyn
UA851681,household,single,0,1985,40,Obolon
UA853648,small_business,dual_zone,1,1995,30,Obolon
UA854218,household,dual_zone,0,1993,33,Solomianka
UA854797,household,dual_zone,0,2011,14,Darnytsia
UA856681,small_business,single,0,2017,9,Podil
UA858787,small_business,single,0,2000,25,Podil
UA858853,household,dual_zone,0,1998,27,Obolon
UA860757 ,household,single,0,1995,30,Obolon
UA861904,household,single,0,2022,4,Darnytsia
UA862803,household,dual_zone,0,2005,21,Obolon
00UA863895,household,dual_zone,1,2011,14,Solomianka
UA865769,household,single,0,1998,27,Solomianka
UA867148,industrial,single,0,1988,37,sviatoshyn
UA870725,small_business,single,0,2000,25,Solomianka
UA870970,small_business,single,0,2018,8,Solomianka
UA871415,household,single,0,1994,31,Darnytsia
UA871975,industrial,dual_zone,1,2023,3,Sviatoshyn
UA872545,household,single,0,2011,15,Obolon
UA874388,household,single,0,1992,33,Sviatoshyn
UA875365,industrial,dual_zone,0,2023,3,Solomianka
UA875590,small_business,single,0,2001,24,Podil
00UA876784,household,single,0,2021,4,Podil
UA877595 ,household,single,0,2005,21,Sviatoshyn
UA877945 ,household,single,1,2015,10,Podil
UA877994,household,single,1,2006,20,Sviatoshyn
UA878939,industrial,single,0,2018,7,Solomianka
UA881409,small_business,single,0,1996,29,Darnytsia
UA883119,small_business,single,0,2017,8,Obolon
UA884005,household,dual_zone,1,2018,7,Podil
UA886443,small_business,single,0,1986,40,Darnytsia
00UA887308,small_business,single,0,1996,30,Solomianka
UA887941 ,household,single,0,2015,11,Darnytsia
UA888895,household,single,0,1997,28,SVIATOSHYN
UA889510,household,single,0,2021,4,Solomianka
UA890148,household,single,0,2011,14,Solomianka
UA890373,household,single,0,2006,19,Sviatoshyn
UA890888,household,dual_zone,0,2013,12,Podil
UA891219,small_business,dual_zone,1,2011,15,Obolon
UA891701 ,household,dual_zone,0,1996,30,Podil
UA893983,small_business,single,0,1996,30,Podil
UA894097,household,single,0,1987,38,Darnytsia
UA894667,industrial,dual_zone,0,2021,4,Solomianka
UA895042,household,single,0,2019,7,Darnytsia
UA895163,small_business,single,0,2006,19,Podil
UA896128,household,dual_zone,0,1991,35,Solomianka
UA901929,household,dual_zone,1,2019,6,Darnytsia
UA904648 ,industrial,single,0,1997,28,Podil
UA906310,household,single,1,1992,33,Podil
UA906747,industrial,dual_zone,0,1986,40,Darnytsia
UA908968,household,single,0,2000,25,DARNYTSIA
UA910356,household,single,0,1997,28,Solomianka
UA913094,small_business,single,0,2017,9,Solomianka
UA913831,small_business,dual_zone,0,2009,16,Obolon
UA914154,household,single,0,2016,10,Podil
 UA915058,small_business,single,0,2022,4,Solomianka
UA916117,household,dual_zone,1,2022,4,Sviatoshyn 
UA916864,household,dual_zone,0,1998,27,Solomianka
UA917030,household,single,0,2024,2,Solomianka
UA918235,small_business,single,0,2018,7,Solomianka
UA919116,small_business,single,0,2005,21,darnytsia
UA919162,household,dual_zone,0,2019,7,Sviatoshyn
UA919295,household,single,0,1987,39,Obolon
UA920280,household,dual_zone,0,2004,22,Darnytsia
UA920325,household,dual_zone,1,1996,29,Sviatoshyn
UA921040,household,single,0,1994,32,Obolon
UA921589,industrial,dual_zone,0,1993,32,Solomianka
UA922170,household,single,0,2004,21,SVIATOSHYN
UA924471 ,household,single,0,2000,25,Sviatoshyn
UA927476 ,industrial,single,0,2019,6,Darnytsia
UA929261,household,single,0,2014,11,Darnytsia
UA930350,household,dual_zone,0,2010,15,Darnytsia
UA933092,household,single,0,1991,34,PODIL
UA934334,industrial,single,0,1995,31,Darnytsia
UA935219,household,single,0,2016,9,Podil
UA935330,small_business,single,0,2007,19,Sviatoshyn
UA935466,household,dual_zone,0,2018,7,Podil
 UA936779,small_business,single,0,2020,5,Darnytsia
UA936836,household,dual_zone,0,1996,30,Sviatoshyn
UA937517,household,single,0,2021,4,SOLOMIANKA
UA938564,industrial,dual_zone,0,1987,39,Podil
UA939151,household,dual_zone,0,2013,12,Solomianka
 UA940243,small_business,single,0,2024,1,Darnytsia
UA940267,household,single,0,1986,39,Darnytsia
00UA941163,household,single,0,2005,21,Podil
UA941371 ,household,dual_zone,1,1997,28,Solomianka
UA941618,household,dual_zone,1,1986,40,Obolon 
UA943511,industrial,single,0,2019,7,Darnytsia
UA944461,household,single,0,2004,22,Sviatoshyn
UA944874,household,single,0,1991,35,Solomianka
UA945606,household,single,0,2018,8,Solomianka
UA946292,small_business,single,0,2002,23,Sviatoshyn
UA948869,household,single,0,2015,10,Obolon
UA949863,small_business,single,0,1991,35,Podil
UA950362,small_business,single,0,2015,11,Solomianka
UA950603,household,single,0,2004,21,Solomianka
UA950931,small_business,single,0,1993,33,Sviatoshyn
00UA952796,small_business,dual_zone,1,1985,40,Solomianka
UA953340,household,dual_zone,1,2003,23,Solomianka
UA953707,small_business,single,0,2001,25,Sviatoshyn
UA954823,small_business,single,0,2018,7,darnytsia
UA955639,small_business,single,0,2013,12,Sviatoshyn
UA955695,household,single,0,2007,18,SVIATOSHYN
UA955854,industrial,single,0,2005,20,Sviatoshyn
UA957405 ,household,dual_zone,0,1993,33,Sviatoshyn
UA960584,small_business,single,0,1991,35,Darnytsia
UA962103,household,single,0,2002,23,Obolon
UA963319,small_business,single,0,2011,14,Podil
UA963455,household,dual_zone,1,2013,13,podil
UA965744,household,single,0,2011,14,Solomianka
UA968721,household,single,1,2002,23,Solomianka
UA970192,household,single,0,1989,36,Solomianka
UA970416,small_business,single,0,2018,7,Darnytsia
UA971298,household,dual_zone,0,1993,32,Solomianka
UA971682,small_business,single,0,2013,12,Podil
UA972597,household,dual_zone,1,2013,13,obolon
UA973001 ,household,dual_zone,1,2006,19,Podil
UA973566,small_business,single,0,1990,35,Obolon
UA974441,household,single,0,2024,1,Podil
UA974725,household,single,0,2018,8,podil
UA976532,household,single,0,2014,11,Solomianka
UA977366,household,single,0,2017,8,Obolon
UA979492,household,dual_zone,1,2001,25,Podil
UA981742,small_business,single,0,2014,12,Solomianka
UA982043,industrial,single,0,2020,5,Solomianka
UA982227,industrial,single,0,2016,9,Podil
UA983470,household,single,0,1992,33,Sviatoshyn
UA984310,small_business,single,0,2016,9,Podil
UA985213,small_business,single,0,2005,21,Podil
UA985765,household,dual_zone,1,1985,41,Darnytsia
UA987123,household,dual_zone,1,2008,18,Podil
UA988800,household,single,1,1991,34,Obolon
UA989057,household,single,1,1989,36,Obolon
UA989170 ,household,single,0,2011,14,Sviatoshyn
UA990526,household,single,0,2015,10,Sviatoshyn
UA992679,small_business,single,0,2018,7,Darnytsia 
UA993872,household,single,0,2020,5,Obolon
UA996101,small_business,dual_zone,0,2015,10,Solomianka
UA996631,small_business,dual_zone,1,2009,16,Podil
UA996950,industrial,single,0,2004,22,Obolon
UA997556,household,single,0,2011,15,Podil
UA998654,small_business,single,0,2003,23,Darnytsia
UA999461,household,single,0,2023,3,Obolon
UA999615,household,single,0,1994,32,Obolon
